<MissionPackageManifest version="2">
  <Configuration>
    <Parameter name="uid" value="46e3e608-ef94-4d7d-b6bf-dce08fe36c27"/>
    <Parameter name="name" value="oh-tak-server_DP"/>
    <Parameter name="onReceiveDelete" value="false"/>
  </Configuration>
  <Contents>
    <Content ignore="false" zipEntry="certs/preference.pref"/>
    <Content ignore="false" zipEntry="certs/server-00daacc5-14a3-4f04-9464-0c7566707cde.p12"/>
    <Content ignore="false" zipEntry="certs/oh-tak-default-cert-aca43c4c-6f17-44dd-8f97-5fab5b2830fc.p12"/>
  </Contents>
</MissionPackageManifest>
