<MissionPackageManifest version="2">
  <Configuration>
    <Parameter name="uid" value="9bd7db40-ba4a-44c4-ac5f-50bb0dab4d2c"/>
    <Parameter name="name" value="takserver_DP"/>
    <Parameter name="onReceiveDelete" value="false"/>
  </Configuration>
  <Contents>
    <Content ignore="false" zipEntry="certs/preference.pref"/>
    <Content ignore="false" zipEntry="certs/server-ba1a4372-0841-4353-b64a-56998c152f7b.p12"/>
    <Content ignore="false" zipEntry="certs/server-connect-501f33d8-b476-4a77-9050-514ae922a533.p12"/>
  </Contents>
</MissionPackageManifest>
